schema	android-ndk-nativeactivity-apk-v1
package	org.isomorphisms.fastchat.diskfirst
version_code	1
version_name	0.1-c-pass
abi	armeabi-v7a
native_library	libfastchat.so
native_sha256	c3ffb56b28f99813280045509b4b637238016ebe5d622db38608ea8647098086
manifest_sha256	45c181b3296d129f044dc97f965296a097be02d6c4470f0f552ac27d79fa2b84
apk_sha256	bef30c7e336075c9bf9c7d45d0af5352710c1be0a397368e52182346648aa7e2
signer_cert_sha256	aa9151e3922fa4795987c3655bc7aa4712620f1d94c24a2075acd7b29d8ac86e
source_commit	7c79736673964be38bdaa85a74d9d5c590b93083
