ready	9454
session	1	h3
handshake	1	early_data=false
drop	1	7
request	1	0	/stream
request	1	4	/stream
drop	1	14
session	2	h3
handshake	2	early_data=false
request	2	0	/stream
drop	2	7
request	2	4	/stream
reset	2	0
reset	2	0
drop	2	14
drop	2	21
session	3	h3
handshake	3	early_data=false
request	3	0	/reset
drop	3	7
request	3	4	/stream
drop	3	14
session	4	h3
handshake	4	early_data=false
drop	4	7
request	4	0	/close
request	4	4	/stream
session	5	h3
handshake	5	early_data=false
drop	5	7
request	5	0	/stream
request	5	4	/stream
drop	5	14
session	6	h3
handshake	6	early_data=false
request	6	0	/incomplete
drop	6	7
request	6	4	/stream
drop	6	14
session	7	h3
handshake	7	early_data=false
request	7	0	/large
drop	7	7
request	7	4	/stream
drop	7	14
drop	7	21
drop	7	28
drop	7	35
drop	7	42
drop	7	49
drop	7	56
session	8	h3
handshake	8	early_data=false
request	8	0	/blackhole
drop	8	7
request	8	4	/stream
blackhole	8
session	9	h3
handshake	9	early_data=false
request	9	0	/stream
drop	9	7
request	9	4	/stream
drop	9	14
