repository	commit	license	inspected_source	decision
HatsyRei/maid-native	830003f95e74cd0e2aa4a40f1f6e5817434ec6c6	MIT	app/src/main/java/com/hatsyrei/maidnative/ui/chat/ChatScreen.kt; app/build.gradle.kts	State and actions separate; stable lazy rows; avoid rescanning long history in renderer
rikkahub/rikkahub	b64beeef6e349c57ff3108cbd1656fad6708ddfd	AGPL-3.0	app/src/main/java/me/rerere/rikkahub/ui/hooks/ImeAutoScroller.kt; ui/pages/chat/ChatPage.kt	IME/list interaction needs physical qualification; no copied code
Minis233/miniichat	33eddca80f769c0f06e1c248c2d5c8b44b906768	MIT	app/src/main/kotlin/com/miniichat/ui/ChatScreen.kt; app/build.gradle.kts	LazyColumn and selection; keep acquisition outside screen; do not force scroll on every response update
MukheshKumarV/aria-android	4dc77dd3a9190054067666a2f234650e9ac5be8a	NO_LICENSE_FOUND	app/src/main/java/com/aria/chat/ui/ChatScreen.kt; app/build.gradle.kts	Small screen feasibility; no speech/network/key-baking copied
GetStream/stream-chat-android-ai	7da5239990c1a8d8fcfc95699f34c6c9323d956b	Stream proprietary source license	stream-chat-android-ai-compose/src/main/kotlin/io/getstream/chat/android/ai/compose/ui/component/ChatComposer.kt	Explicit send/stop state and saveable composer; link-only, no copied code or SDK dependency
Ashtray-Archer/utilities-android-phone-user	689bda5bf777a39d35e5aa14bbbb921d8af555b1	AndroidX snapshot Apache-2.0	material3-api/README.md; INDEX.md; snapshot/material3/api/current.txt	Actual Compose Material3 API; pinned upstream cdeafe5b4e450d61cdb623d58c148efbb0d508cf
isomorphisms/catfood	62ac940588f5ee4c5be468d48e38d74514da3757	internal device/build authority	android/README.md; AGENTS.md; android/device-instance-and-artifact-location.md; followers/targets.tsv	phone is armv7; physical instance unresolved; runtime consumer, builds off-device
isomorphisms/android-NDK	7c61ee43e75f7c2dab9288edb0e10055898b36e6	generic packaging reference	apk/README.md	NativeActivity packager is native-only and deliberately rejects DEX; not substituted for Compose packaging
isomorphisms/ai-ci	8bf8be153f792c4def251287ed85543d1fe24f07	shared guardrails	AGENTS.md; android-signing/action.yml	Separate source/build/package/physical evidence and stable package signing; M3 task explicitly authorizes comparison exception
isomorphisms/flexible-pipes	424e1972da3bab1bc7ec97a6094422fe7bb211f5	orchestration authority	docs/registered-execution-v1.md; scripts/android-producer-stage	Native registered operation is incompatible with this comparison exception; candidate stages seeded in repeatability.md
isomorphisms/fastchat FC-D1	66d4c1d202a3f2b3764e35123b51e1e2a7cbaca1	first-party comparison	qualification/comparison-corpus.tsv; notes/disk-store-contract.md; notes/disk-first-experiment.md	Six exact corpus rows ported; native implementation blocked; store representation differences explicit
isomorphisms/fastchat FC-S1	600cf446fc3cc6a1311e7493e422df0de11252af	first-party comparison	notes/disk-streaming-experiment.md	Same final bytes and eligible complete Unicode prefixes; no native runtime result yet
