component	version	license	incorporation
aioquic	1.3.0	BSD-3-Clause	host-fixture-only
attrs	26.1.0	MIT	host-fixture-only
certifi	2026.7.22	MPL-2.0	host-fixture-only
cffi	2.1.1	MIT-0	host-fixture-only
cryptography	50.0.2	Apache-2.0 OR BSD-3-Clause	host-fixture-only
pycparser	3.0	BSD-3-Clause	host-fixture-only
pylsqpack	0.3.24	BSD-3-Clause	host-fixture-only
pyopenssl	26.4.0	Apache-2.0	host-fixture-only
service-identity	26.1.0	MIT	host-fixture-only
typing-extensions	4.16.0	PSF-2.0	host-fixture-only
