key	value
consumer_head	638033df5072cbe256486236a39af751a86bf4ca
consumer_source_changes	NONE:C-and-Lua-and-tests-unchanged-from-d099787;only-gate-recipe-workflow-and-documents
canonical_runtime_gate	5caaba31256bfb424638f8a3d4d554c56fa9a970
canonical_runtime_gate_pr	https://github.com/isomorphisms/flexible-pipes/pull/52
canonical_runtime_gate_run	https://github.com/isomorphisms/flexible-pipes/actions/runs/37808205749
canonical_runtime_gate_hosted	SUCCESS
consumer_workflow	https://github.com/isomorphisms/fastchat/actions/runs/37809286653
consumer_workflow_conclusion	SUCCESS
consumer_runtime_object_sha256	72d3e53ebfae00e83c6ac12a80b769c8c6273464dd1bfe52343dabca652fb34f
consumer_policy_sha256	2e46a121818a03ec3b94994245c90a8ac4fcaace0e48f3032a54dad34f371bd5
consumer_hosted_executable_sha256	f10850507406bb702b149fedcb19f26e2d60607631023e8dc1a86ebeaf0c766b
consumer_hosted_artifact	11564940880
consumer_hosted_artifact_sha256	933c605a869bc7b803a2f23580eb6a79c5baa9c5dba96f046167d7acf8a8ded6
consumer_actual_semantics	PASS
consumer_preserved_suite	PASS
consumer_literal_policy_cmp	PASS
consumer_stock_admission_negative	PASS
consumer_unchanged_source_diff	PASS:0bytes
physical_device	NOT_RUN
